Date,DJI,DWDP,MMM,IBM,KO,MCD,GS,MSFT,TRV,AXP,PG,UTX,JPM,AAPL,DIS,BA,XOM,INTC,CAT,GE,V,NKE,CVX,CSCO,WMT,PFE,JNJ,HD,UNH,MRK,VZ
2015-04-01,,,,,,,,,,,,,,,,,,,,,,,,,,,,,,,
2015-05-01,18010.679688,47.420986,147.538406,147.68502800000005,37.124897,87.90682199999998,197.962769,43.534611,94.413116,75.83255,71.14321899999999,108.852509,60.642338,122.836502,105.774597,127.498672,75.674515,31.326124,76.19606800000003,24.37715,67.078011,48.536457,90.715012,26.509138,68.026535,30.860376,92.243629,104.479248,114.530228,55.347027,42.982582
2015-06-01,17619.509766,46.601334,144.01011699999995,143.77075200000004,35.556873,87.875854,201.084229,41.283485,90.24894,73.930077,71.00708,103.620537,62.46769000000001,118.757591,109.387634,126.672081,74.5093,27.853502,75.74955,23.751408,65.69845600000001,51.850235,85.810486,24.835926,65.377335,30.02331,90.429611,104.207321,116.235657,51.74752,40.522209
2015-07-01,17689.859375,43.199223,141.247543,143.178543,37.540829,92.303398,197.501511,43.667919,99.69384,72.621727,69.609444,93.700302,63.177563,114.847298,115.003639,131.64871200000002,70.936089,26.507521,70.221489,23.52972,73.711411,55.306282,78.703362,25.704189000000003,66.345139,32.288719,92.981239,110.322662,116.1539,54.00036600000001,40.678707
2015-08-01,16528.029297,40.169952,132.661057,130.715927,35.932461,89.964836,182.226852,40.694386,95.259674,73.251892,64.66199499999999,85.573578,59.479797,106.913086,98.205956,119.33033,67.380791,26.132116,68.19300799999999,22.54706,69.75874300000001,108.116531,72.04097,23.587296,59.662697,29.781546,87.200653,109.785324,110.700218,49.320213,40.471676
2015-09-01,16284.700195,38.921524,133.236526,129.198746,36.663544,91.876404,167.92391999999995,41.659264,93.502899,70.778954,65.824028,83.66926600000002,56.57539000000001,104.905174,98.514412,120.339813,67.20674100000001,27.826382,58.909534,22.73638,68.265862,59.026329,71.04818,23.924519,60.172169,28.344822,87.27869399999999,108.870926,110.996834,45.235382,38.272602
2015-10-01,17663.539063,47.192547,147.74719199999996,124.840721,39.036716,104.669914,181.202469,49.546848,106.719795,69.948288,69.886566,92.526024,59.61896899999999,113.655197,109.638245,136.072678,74.790665,31.260826,65.786507,26.305338,76.027351,63.21495400000001,81.856728,26.294182,53.119293000000006,30.519632,94.459221,117.147308,113.177803,50.493073,41.236954
2015-11-01,17719.919922,47.637581,147.155121,124.252518,39.285595,106.450928,183.637817,51.156368,108.307976,68.660416,69.092834,90.307144,62.320274,112.51388500000002,109.377991,133.664932,73.81443,32.100978999999995,66.21186800000001,27.233122,77.428749,63.818012,82.253036,25.036217,54.60410699999999,29.572104,94.655556,126.84958600000002,108.305893,48.968861,40.498405
2015-12-01,17425.029297,47.730297,142.50280800000004,123.798798,39.902683,111.025902,174.773056,52.571941,106.691429,66.65735600000001,73.311913,90.909729,61.712772,100.540207,101.29055,133.696198,71.075119,32.029583,61.93748100000001,28.333725,76.134552,60.305801,82.017677,24.953531,56.887009,29.365040000000004,96.747284,125.305183,113.043266,48.793346,41.184525
2016-01-01,16466.300781,39.286812,142.843384,112.257324,39.865524,116.326286,156.66835,52.202393,101.735878,51.274887,75.41681700000002,82.979851,55.609722,92.975334,92.956573,111.079048,70.983932,28.840574,56.724377,26.667044,73.130394,60.123791,78.8358,21.857309,62.09855699999999,27.736683000000006,98.367279,119.683426,111.138145,47.211742,44.525978
2016-02-01,16516.5,45.469799,148.396301,117.870628,40.060585,110.133118,145.002609,48.213062,102.192101,53.501518,74.770309,91.430199,52.97193100000001,92.354485,92.665535,109.275986,73.081085,27.511044,63.286968,26.703701,71.068726,59.716568,76.073326,24.24057,62.079849,26.990732,99.092484,118.122673,114.940536,46.783134,45.75917800000001
2016-03-01,17685.089844,47.574455,158.76799,137.631485,43.088581,119.006653,152.888428,52.71080799999999,110.926704,59.10386999999999,76.65142800000002,95.429504,55.719322,104.667839,96.342278,118.462151,76.909454,30.341854,71.550751,29.36536,75.386673,59.600212,88.080612,26.360926,64.091789,27.234522,102.647163,126.982811,124.39828500000002,49.298866,48.780926
2016-04-01,17773.640625,49.654404,159.482605,132.62423700000002,41.936249,119.773636,159.832611,47.595291,105.03447,62.983162,74.61198399999998,99.500275,59.464046,90.022591,100.17424,125.797211,81.33503,28.400352,72.653824,28.404684000000003,76.13580300000002,57.29450600000001,94.340416,25.453526,63.03907,30.055368,106.328056,128.121262,127.605629,51.544163,45.948597
2016-05-01,17787.199219,48.474625,160.37825,139.712555,41.74902700000001,115.578865,155.323273,50.582527,109.086754,63.607296,76.08649399999999,95.887115,61.866352,95.89991,96.254967,117.724922,81.905479,29.629032,68.444366,27.924341,77.81150799999998,53.678368000000006,93.250954,27.143951,66.725052,31.883871000000006,106.906746,126.427521,129.534073,52.878822,46.397163
2016-06-01,17929.990234,46.917324,167.96843,140.59886200000003,42.432377,113.95018799999998,145.30053700000005,49.177574,113.769814,58.770966,79.494606,98.41433,58.89957800000001,92.367805,94.896805,122.185051,86.973114,31.029655,71.559326,29.079004,73.239166,53.658924,97.810249,26.807568,69.34072900000001,32.6422,115.896492,122.821106,136.831055,54.147697,50.900143
2016-07-01,18432.240234,51.125484,171.07614099999995,148.78765900000005,41.154232,112.221893,155.304749,54.473026,111.727982,62.663704,80.358376,103.308662,60.634148,100.686714,93.08268,125.750786,82.528885,32.978466,78.119644,28.982851,77.07045699999998,54.10815,95.617607,28.526842,69.29325899999999,34.19968,119.651421,132.968842,139.401108,55.58466,50.50819
2016-08-01,18400.880859,51.096912,171.92021200000005,147.175842,40.965584,110.323723,165.719666,55.22266,114.12173500000002,63.752495,82.615112,102.137871,64.478127,102.51281,92.302879,121.789894,80.849564,33.952873,78.10025,29.075926000000006,79.884689,56.194485,93.844841,29.644762,67.84034,32.262104,114.02378799999998,129.00593600000002,132.440811,59.498146,48.182224
2016-09-01,18308.150391,49.372726,170.08638,148.418915,39.918575,110.892723,158.32716399999995,55.702232,110.122528,62.255405,84.92392,98.095757,63.60887099999999,109.81955,90.739418,124.971535,81.66999799999998,35.983185,84.599869,27.56815,81.803818,51.329624,97.039955,29.908773,68.954903,31.660936,113.620628,124.408089,136.286011,59.13806500000001,47.859962
2016-10-01,18142.419922,51.711342,159.537399,143.597733,40.320786,108.21076200000002,174.987518,57.94578900000001,104.586159,64.569084,82.132553,98.675049,66.15933199999999,110.29554,90.573303,135.11228899999998,77.964539,33.23798,79.539322,27.295549,81.615883,49.1922,98.765404,28.928158000000003,66.947067,29.641815,111.56234,117.959518,138.216049,56.049538,44.287502
2016-11-01,19123.580078,53.546848,165.75291399999998,151.56762700000004,38.371307,114.651306,215.288437,58.27459,109.584396,70.384888,78.627876,104.004669,77.13760400000002,107.361847,96.856476,142.824615,81.688721,33.075935,91.874809,28.852615000000004,76.482124,49.084366,105.18634,28.349638,67.339088,30.043774,107.051369,125.104187,154.831711,58.40720699999999,46.468353
2016-12-01,19762.599609,54.98835,173.37204,156.49704,40.278061,117.916306,235.809219,60.498608,118.353081,72.37802099999998,80.1726,106.491859,82.256371,113.088043,101.839996,149.965149,85.206337,34.834225,89.16355899999998,29.64053,77.336952,50.701885,112.08654,28.729914,66.086578,29.928007,111.577843,130.317139,157.137009,56.192719,49.709026
2017-01-01,19864.089844,57.756577,169.807297,164.53921499999996,39.865688,118.739746,225.833252,62.94231,114.523994,74.625175,83.529015,106.540428,81.42890899999998,118.487602,108.956436,157.421021,79.192986,35.36245,91.970955,28.068001,81.985901,52.045761,106.039391,29.205261,64.267723,29.956327,109.679642,133.71888700000002,159.159653,59.624874,45.639553
2017-02-01,20812.240234,60.303944,181.006683,169.536102,40.239693,123.66101100000002,244.288315,62.29000500000001,118.860703,78.55423,87.525452,109.338234,87.674797,133.758713,108.405014,173.61393700000005,76.766876,34.766991,93.703484,28.171957,87.170113,56.236969,107.134544,32.773674,68.302513,32.212734000000005,118.35716200000002,140.843185,162.38017299999996,63.35683100000001,46.71060900000001
2017-03-01,20663.220703,61.543728,187.054184,165.47911100000005,40.700012,126.483925,226.818497,64.50907099999999,117.207695,77.622101,86.352928,109.656624,84.985138,140.879517,111.65451000000002,171.833145,78.126175,34.889441999999995,89.922768,28.387133,88.259651,54.830063,103.227936,32.409306,69.409912,32.626743,121.42157,142.70928999999995,161.035004,61.115738,45.88237
2017-04-01,20940.509766,61.260513,191.453613,152.317963,41.746147,136.55500800000002,220.973251,67.05574,118.949242,77.759476,83.931023,116.282349,84.17244699999998,140.869705,113.830681,179.57663,77.783218,34.966831,99.132202,27.615534000000004,90.593506,54.68508900000001,102.583763,32.668198,72.927391,32.350165999999994,120.36869,152.64248700000005,172.347855,60.384533,43.20942700000001
2017-05-01,21008.650391,60.441109,199.900528,145.03894,43.990669,147.25067099999995,208.591644,68.40744000000001,122.068153,75.802879,85.309326,118.520226,80.397171,149.803391,106.287918,182.297028,76.68768299999998,34.928135,103.054199,26.081869,94.575966,52.296749,99.488007,30.496075,76.244934,31.138943,125.028633,150.109848,172.643494,63.077766,44.41979600000001
2017-06-01,21349.630859,61.523895,204.753021,147.607239,43.390842,149.465912,219.834839,67.90310699999999,123.710732,82.994987,84.399002,119.98365,89.449791,141.815506,104.623787,193.60025,77.633041,32.878044,105.038445,25.72941,93.301186,58.22811899999999,101.325546,30.273615000000003,73.90369399999999,32.345524,129.822372,150.86914099999996,182.735245,62.089592,42.534046
2017-07-01,21891.119141,62.457275,197.848892,138.81776399999998,44.7136,152.347229,223.232941,71.616943,125.967216,83.97036,87.953148,116.505295,89.841263,146.4534,108.247459,237.372009,76.969513,34.563847,111.382202,24.807316,99.051682,58.476101,106.045593,30.418697,78.112534,31.931452,130.24437,147.131821,189.81337,62.341198,46.096012
2017-08-01,21948.099609,65.950417,200.946899,137.24411,44.430725,157.09028600000005,221.65773,73.656097,119.17173,85.147667,90.058006,117.635269,89.43995699999998,161.48967,100.392395,234.630768,73.401833,34.174065,115.671387,23.780537,102.991455,52.296745,104.520805,31.444839,76.237595,32.663296,129.900894,147.397369,196.829559,62.321682,46.285133
2017-09-01,22405.089844,68.503334,207.622147,140.682037,43.903996,154.772339,235.785095,73.771225,120.489525,89.45944200000002,88.79894300000002,114.751366,93.986244,152.35685700000005,97.783386,250.359802,79.59921999999997,37.385208,122.779633,23.422132,104.871284,51.522522,115.262856,32.831108,76.78591899999998,34.71315,128.396515,161.812775,193.811325,62.487583,47.751743
2017-10-01,23377.240234,71.55100300000002,227.691971,149.389816,45.207031,164.877792,241.043762,82.37738,131.05645800000002,94.463478,84.270172,118.389244,99.00489,167.106186,97.029449,254.072723,80.929436,44.660011,133.697968,19.723249,109.594681,54.64269300000001,113.68351,33.338753000000004,85.797005,34.090839,137.679855,164.009064,208.821213,54.15180600000001,46.188641
2017-11-01,24272.349609,71.204674,240.501434,149.302551,45.000561,169.876175,246.173187,83.357826,134.143646,97.002304,88.49045600000002,120.059891,103.45372,169.88403300000004,103.983513,272.607666,80.871178,44.02187,139.794037,17.893763,112.195526,60.038391,116.724487,36.72858400000001,95.545113,35.257668,137.600861,177.899094,226.651764,54.328743,49.691639
2017-12-01,24719.220703,70.854576,233.99025,150.25621,45.47853900000001,171.037949,254.04686,85.14005999999998,134.212906,98.590714,90.348961,126.865189,105.849037,167.89541599999995,106.652046,292.00473,81.96260799999997,45.585854,156.06620800000005,17.07196,113.821838,62.15494200000001,123.956055,37.713264,97.038773,35.540588,138.831009,188.455261,219.732483,55.311714,51.683605
2018-01-01,26149.390625,75.192207,249.031555,160.324219,47.173576,170.06411699999995,267.14013700000004,94.565781,149.142761,98.680061,84.901276,137.247513,114.489975,166.109604,108.669998,350.878967,85.54921,47.541225,161.216248,16.037277,124.014099,68.014267,124.114479,40.903633,105.304802,36.345207,137.310745,199.760788,235.998627,58.736362,52.79675699999999
2018-02-01,25029.199219,69.939301,234.129425,152.616516,42.841816,156.748367,262.194,93.331573,138.279373,97.145302,77.799858,133.99559,114.917252,176.715302,103.160004,358.641724,74.221039,48.676922,153.855362,13.994186,122.726341,66.82785799999999,110.816849,44.422886,88.916382,35.62890200000001,129.053619,181.236435,225.413666,53.74996899999999,47.14677
2018-03-01,24103.109375,63.709999,219.520004,151.745483,43.049976,156.380005,251.860001,91.269997,138.140106,92.931122,78.55289499999998,125.82,109.415154,167.13551299999997,100.440002,326.252502,73.861343,51.781151,146.641678,13.48,119.620003,66.239639,114.040001,42.547958,87.889015,35.146908,128.149994,177.22929399999995,213.293793,53.99780300000001,47.225777
2018-04-01,24163.150391,63.240002,194.389999,143.368484,43.209999,167.440002,238.330002,93.519997,131.600006,98.380661,71.676537,120.150002,108.231155,164.62518300000005,100.330002,331.9042970000001,76.969833,51.323788,143.63681,14.07,126.879997,68.389999,125.110001,43.936794,87.90619699999998,36.256081,126.489998,184.800003,236.399994,58.869999,48.736763
2018-05-01,24831.169922,66.93,205.160004,142.55748,42.139999,165.389999,242.919998,97.699997,131.25,101.419998,73.370003,124.480003,113.860001,187.86557,102.07,340.760132,80.464417,54.356285,154.860001,14.6,131.820007,68.43,129.839996,45.93,82.85799399999998,35.156811,127.239998,190.309998,238.27999900000003,59.689999,48.619999
